Interaction_ID,User_ID,Post_ID,Interaction_Type,Timestamp
I1,U53,P39,Share,2023-09-12 07:06:46
I2,U70,P14,Comment,2023-09-11 02:49:28
I3,U43,P28,Share,2023-09-04 02:20:14
I4,U60,P11,Share,2023-09-14 19:50:01
I5,U58,P39,Comment,2023-09-21 22:21:56
I6,U49,P25,Like,2023-09-12 01:33:31
I7,U42,P21,Share,2023-09-10 04:15:55
I8,U76,P10,Comment,2023-09-15 15:49:31
I9,U100,P43,Share,2023-09-21 09:12:06
I10,U66,P15,Like,2023-09-04 09:28:33
I11,U11,P19,Like,2023-09-19 17:35:05
I12,U98,P48,Share,2023-09-02 18:47:42
I13,U90,P22,Like,2023-09-19 13:08:45
I14,U18,P21,Comment,2023-09-20 21:02:35
I15,U85,P44,Comment,2023-09-10 21:13:52
I16,U100,P32,Share,2023-09-20 09:41:23
I17,U52,P50,Like,2023-09-09 04:06:54
I18,U46,P23,Comment,2023-09-17 18:12:02
I19,U44,P13,Comment,2023-09-02 12:58:34
I20,U22,P5,Comment,2023-09-06 16:33:58
I21,U53,P4,Share,2023-09-22 20:21:57
I22,U59,P28,Share,2023-09-08 22:01:16
I23,U94,P14,Comment,2023-09-17 01:47:37
I24,U30,P8,Comment,2023-09-02 14:38:53
I25,U8,P9,Like,2023-09-04 23:52:45
I26,U98,P35,Like,2023-09-17 22:16:37
I27,U57,P37,Like,2023-09-04 03:00:01
I28,U73,P21,Share,2023-09-20 20:32:36
I29,U20,P18,Comment,2023-09-19 07:10:41
I30,U25,P33,Share,2023-09-05 21:35:27
I31,U19,P8,Comment,2023-09-17 04:41:38
I32,U5,P49,Like,2023-09-20 05:53:25
I33,U75,P17,Like,2023-09-10 01:20:09
I34,U79,P43,Like,2023-09-20 21:10:26
I35,U72,P31,Like,2023-09-29 06:15:24
I36,U83,P34,Comment,2023-09-08 12:38:52
I37,U87,P6,Like,2023-09-09 06:09:51
I38,U27,P22,Comment,2023-09-19 01:40:32
I39,U40,P14,Comment,2023-09-06 20:22:30
I40,U96,P3,Share,2023-09-04 21:39:24
I41,U26,P12,Like,2023-09-26 20:49:27
I42,U27,P36,Like,2023-09-24 09:21:20
I43,U62,P12,Share,2023-09-28 23:12:18
I44,U83,P45,Comment,2023-09-01 13:44:36
I45,U50,P2,Like,2023-09-28 15:17:28
I46,U42,P2,Comment,2023-09-18 05:12:44
I47,U29,P15,Share,2023-09-24 06:16:50
I48,U39,P23,Comment,2023-09-15 12:52:39
I49,U60,P29,Like,2023-09-01 19:11:33
I50,U41,P17,Comment,2023-09-25 11:08:07
I51,U33,P32,Comment,2023-09-29 01:49:46
I52,U83,P7,Like,2023-09-19 17:50:26
I53,U83,P30,Like,2023-09-17 13:09:22
I54,U97,P28,Comment,2023-09-03 23:12:03
I55,U16,P14,Comment,2023-09-23 06:28:08
I56,U23,P44,Share,2023-09-28 06:27:48
I57,U7,P30,Like,2023-09-25 18:00:21
I58,U26,P17,Comment,2023-09-14 01:40:50
I59,U96,P32,Like,2023-09-10 14:14:54
I60,U12,P46,Share,2023-09-11 15:43:51
I61,U72,P6,Comment,2023-09-04 07:14:51
I62,U5,P24,Comment,2023-09-20 02:19:19
I63,U92,P6,Comment,2023-09-26 07:47:57
I64,U69,P27,Like,2023-09-07 20:04:29
I65,U49,P18,Share,2023-09-15 22:35:06
I66,U26,P24,Like,2023-09-13 07:05:07
I67,U5,P37,Comment,2023-09-17 14:42:47
I68,U22,P24,Share,2023-09-18 19:54:10
I69,U79,P38,Comment,2023-09-20 13:19:36
I70,U13,P34,Comment,2023-09-04 01:52:56
I71,U28,P40,Like,2023-09-19 13:53:16
I72,U33,P47,Comment,2023-09-01 03:27:47
I73,U23,P15,Share,2023-09-13 14:40:01
I74,U97,P11,Comment,2023-09-14 19:19:15
I75,U18,P22,Comment,2023-09-13 02:30:51
I76,U30,P24,Like,2023-09-01 21:39:54
I77,U26,P1,Share,2023-09-02 02:10:02
I78,U16,P18,Like,2023-09-20 01:46:22
I79,U77,P44,Comment,2023-09-17 14:32:10
I80,U39,P12,Like,2023-09-06 03:34:14
I81,U33,P43,Like,2023-09-02 20:29:45
I82,U26,P28,Like,2023-09-26 05:58:35
I83,U48,P40,Like,2023-09-23 16:03:35
I84,U65,P7,Comment,2023-09-29 00:52:20
I85,U38,P23,Comment,2023-09-27 17:09:39
I86,U2,P21,Share,2023-09-12 07:48:54
I87,U6,P34,Like,2023-09-04 04:05:58
I88,U46,P11,Like,2023-09-28 10:08:40
I89,U50,P22,Share,2023-09-11 08:47:48
I90,U38,P42,Like,2023-09-16 06:09:15
I91,U88,P35,Share,2023-09-12 09:29:48
I92,U18,P29,Comment,2023-09-03 22:51:35
I93,U27,P42,Share,2023-09-06 13:47:12
I94,U41,P28,Like,2023-09-16 03:49:12
I95,U72,P18,Share,2023-09-28 03:54:29
I96,U92,P14,Comment,2023-09-13 12:25:16
I97,U74,P18,Like,2023-09-07 03:12:34
I98,U17,P28,Comment,2023-09-11 12:43:54
I99,U62,P24,Comment,2023-09-27 15:57:49
I100,U29,P8,Share,2023-09-17 08:11:50
I101,U58,P42,Comment,2023-09-17 07:59:48
I102,U70,P45,Like,2023-09-01 07:21:45
I103,U78,P8,Comment,2023-09-10 14:26:41
I104,U22,P4,Comment,2023-09-15 12:02:10
I105,U6,P27,Share,2023-09-20 02:26:15
I106,U26,P36,Comment,2023-09-22 16:58:50
I107,U39,P5,Share,2023-09-03 10:56:44
I108,U12,P33,Share,2023-09-28 03:56:28
I109,U99,P49,Like,2023-09-07 02:42:48
I110,U14,P34,Like,2023-09-12 06:20:15
I111,U22,P30,Like,2023-09-07 13:43:47
I112,U51,P8,Like,2023-09-28 01:13:28
I113,U23,P39,Share,2023-09-15 16:07:13
I114,U48,P47,Comment,2023-09-06 21:03:20
I115,U71,P26,Like,2023-09-14 08:23:39
I116,U50,P37,Like,2023-09-24 10:49:42
I117,U89,P34,Like,2023-09-06 03:19:02
I118,U13,P7,Comment,2023-09-01 13:33:04
I119,U85,P40,Like,2023-09-26 13:56:26
I120,U10,P28,Comment,2023-09-24 06:10:13
I121,U55,P39,Share,2023-09-21 12:37:42
I122,U9,P39,Share,2023-09-01 14:59:57
I123,U79,P28,Share,2023-09-25 04:34:13
I124,U52,P14,Comment,2023-09-03 02:23:33
I125,U2,P50,Like,2023-09-17 21:47:45
I126,U25,P38,Like,2023-09-17 08:31:59
I127,U13,P4,Like,2023-09-10 06:29:41
I128,U98,P42,Like,2023-09-24 17:24:35
I129,U51,P18,Like,2023-09-09 13:44:46
I130,U58,P44,Comment,2023-09-18 13:28:27
I131,U34,P48,Share,2023-09-17 22:08:28
I132,U35,P25,Like,2023-09-27 02:13:27
I133,U3,P7,Share,2023-09-11 04:31:32
I134,U59,P38,Comment,2023-09-07 08:28:32
I135,U70,P28,Comment,2023-09-18 16:19:33
I136,U48,P5,Like,2023-09-07 14:36:33
I137,U64,P3,Comment,2023-09-20 05:43:10
I138,U19,P44,Share,2023-09-10 19:13:42
I139,U67,P31,Like,2023-09-26 01:32:01
I140,U82,P47,Like,2023-09-15 11:21:09
I141,U73,P42,Share,2023-09-16 06:45:09
I142,U76,P20,Like,2023-09-20 12:17:56
I143,U5,P19,Like,2023-09-23 02:03:09
I144,U67,P48,Share,2023-09-09 02:29:06
I145,U11,P11,Like,2023-09-26 03:46:17
I146,U94,P40,Like,2023-09-24 02:32:46
I147,U68,P3,Share,2023-09-19 09:20:58
I148,U69,P23,Comment,2023-09-12 18:55:43
I149,U1,P7,Share,2023-09-02 07:05:15
I150,U91,P23,Like,2023-09-05 10:58:25
I151,U92,P7,Share,2023-09-14 08:20:48
I152,U63,P46,Like,2023-09-04 16:33:41
I153,U29,P34,Like,2023-09-01 09:08:50
I154,U82,P42,Share,2023-09-13 23:38:09
I155,U12,P19,Like,2023-09-09 16:06:51
I156,U77,P9,Comment,2023-09-24 01:43:04
I157,U41,P48,Like,2023-09-27 23:14:23
I158,U2,P18,Share,2023-09-14 05:57:14
I159,U37,P41,Comment,2023-09-26 06:57:08
I160,U45,P48,Comment,2023-09-08 01:20:54
I161,U80,P45,Like,2023-09-07 05:21:31
I162,U48,P42,Share,2023-09-09 22:40:38
I163,U24,P25,Like,2023-09-04 00:37:00
I164,U99,P14,Like,2023-09-06 12:44:03
I165,U22,P44,Share,2023-09-04 21:13:59
I166,U100,P25,Share,2023-09-27 03:49:16
I167,U11,P19,Like,2023-09-05 03:30:34
I168,U58,P39,Comment,2023-09-16 14:17:01
I169,U46,P15,Like,2023-09-05 14:10:01
I170,U29,P16,Comment,2023-09-22 03:01:00
I171,U35,P27,Like,2023-09-24 21:41:46
I172,U15,P40,Share,2023-09-07 17:32:09
I173,U60,P10,Comment,2023-09-26 00:36:22
I174,U95,P4,Share,2023-09-15 00:56:20
I175,U42,P19,Share,2023-09-15 12:52:53
I176,U43,P28,Share,2023-09-02 05:13:05
I177,U80,P21,Share,2023-09-01 15:19:42
I178,U74,P47,Share,2023-09-20 09:57:45
I179,U49,P14,Like,2023-09-09 03:17:03
I180,U64,P33,Comment,2023-09-10 20:45:18
I181,U32,P48,Like,2023-09-29 06:39:04
I182,U64,P10,Like,2023-09-22 16:08:28
I183,U2,P19,Like,2023-09-08 01:00:34
I184,U24,P30,Share,2023-09-12 15:37:10
I185,U87,P22,Like,2023-09-07 14:58:05
I186,U66,P3,Comment,2023-09-02 16:06:15
I187,U38,P37,Like,2023-09-18 14:07:24
I188,U31,P41,Share,2023-09-01 09:46:27
I189,U26,P18,Comment,2023-09-12 10:48:00
I190,U29,P11,Comment,2023-09-08 14:34:13
I191,U67,P48,Comment,2023-09-20 21:08:09
I192,U78,P2,Comment,2023-09-18 13:49:20
I193,U25,P12,Like,2023-09-22 22:13:40
I194,U48,P6,Share,2023-09-07 06:29:57
I195,U65,P43,Comment,2023-09-01 19:04:13
I196,U53,P40,Comment,2023-09-09 00:18:09
I197,U67,P44,Share,2023-09-28 08:28:58
I198,U90,P29,Like,2023-09-15 09:03:42
I199,U18,P30,Comment,2023-09-21 18:56:58
I200,U9,P2,Like,2023-09-28 14:18:38
I201,U38,P9,Like,2023-09-21 21:21:38
I202,U87,P47,Like,2023-09-07 09:23:46
I203,U21,P2,Like,2023-09-11 11:16:43
I204,U65,P29,Comment,2023-09-04 00:25:10
I205,U21,P33,Comment,2023-09-15 19:48:16
I206,U27,P10,Like,2023-09-24 14:46:43
I207,U70,P34,Like,2023-09-17 19:52:33
I208,U44,P44,Share,2023-09-11 20:36:33
I209,U100,P8,Share,2023-09-17 06:23:39
I210,U28,P37,Share,2023-09-18 20:38:23
I211,U45,P33,Comment,2023-09-21 13:57:24
I212,U17,P47,Share,2023-09-07 19:20:33
I213,U40,P6,Comment,2023-09-14 16:00:59
I214,U3,P44,Comment,2023-09-05 13:17:25
I215,U76,P40,Comment,2023-09-23 22:07:05
I216,U76,P45,Comment,2023-09-07 10:28:27
I217,U66,P19,Share,2023-09-25 19:48:51
I218,U46,P32,Like,2023-09-17 22:02:22
I219,U86,P27,Like,2023-09-29 15:19:30
I220,U87,P1,Like,2023-09-17 07:39:53
I221,U30,P43,Share,2023-09-25 01:28:57
I222,U69,P33,Like,2023-09-26 22:55:16
I223,U9,P40,Share,2023-09-07 02:29:00
I224,U85,P32,Share,2023-09-16 16:24:57
I225,U11,P5,Share,2023-09-24 18:56:37
I226,U69,P17,Like,2023-09-15 10:31:26
I227,U99,P8,Like,2023-09-29 02:11:55
I228,U91,P42,Like,2023-09-23 13:18:17
I229,U66,P34,Comment,2023-09-12 20:53:27
I230,U88,P9,Share,2023-09-14 20:01:08
I231,U31,P23,Comment,2023-09-13 11:43:57
I232,U33,P35,Share,2023-09-12 18:12:10
I233,U39,P50,Like,2023-09-10 21:41:35
I234,U94,P7,Share,2023-09-02 07:07:16
I235,U46,P15,Share,2023-09-03 04:24:34
I236,U37,P20,Comment,2023-09-28 14:26:59
I237,U92,P50,Share,2023-09-11 07:08:14
I238,U60,P25,Like,2023-09-07 19:59:08
I239,U31,P3,Share,2023-09-16 20:57:26
I240,U11,P46,Share,2023-09-11 12:32:01
I241,U87,P24,Share,2023-09-25 18:31:54
I242,U2,P34,Comment,2023-09-04 03:58:17
I243,U27,P46,Share,2023-09-26 13:44:25
I244,U99,P22,Share,2023-09-25 14:27:09
I245,U2,P11,Comment,2023-09-21 00:08:26
I246,U21,P48,Comment,2023-09-26 06:32:05
I247,U58,P8,Comment,2023-09-09 00:37:44
I248,U5,P39,Comment,2023-09-09 07:38:50
I249,U52,P43,Like,2023-09-19 06:10:15
I250,U45,P35,Like,2023-09-01 18:59:19
I251,U85,P49,Share,2023-09-06 11:38:39
I252,U93,P46,Like,2023-09-16 17:19:16
I253,U20,P38,Share,2023-09-18 13:01:59
I254,U61,P8,Like,2023-09-10 10:41:57
I255,U38,P37,Comment,2023-09-10 16:39:26
I256,U20,P27,Comment,2023-09-29 08:03:32
I257,U25,P28,Like,2023-09-14 09:15:43
I258,U2,P40,Like,2023-09-02 02:14:15
I259,U32,P34,Share,2023-09-18 11:20:39
I260,U26,P32,Share,2023-09-15 03:59:41
I261,U70,P15,Share,2023-09-28 01:06:38
I262,U41,P44,Comment,2023-09-03 04:45:37
I263,U67,P17,Comment,2023-09-29 17:29:19
I264,U97,P33,Comment,2023-09-25 23:32:24
I265,U1,P47,Comment,2023-09-27 11:48:30
I266,U51,P46,Share,2023-09-10 15:59:25
I267,U5,P16,Comment,2023-09-10 09:40:25
I268,U13,P29,Comment,2023-09-21 01:47:08
I269,U19,P9,Comment,2023-09-04 07:31:27
I270,U12,P33,Comment,2023-09-24 15:41:23
I271,U48,P49,Like,2023-09-18 23:35:49
I272,U25,P29,Share,2023-09-27 08:50:14
I273,U57,P13,Share,2023-09-06 06:41:44
I274,U35,P21,Comment,2023-09-26 01:48:23
I275,U76,P21,Like,2023-09-03 17:01:25
I276,U94,P5,Share,2023-09-09 18:36:11
I277,U5,P10,Share,2023-09-06 18:21:35
I278,U98,P6,Comment,2023-09-26 02:04:21
I279,U22,P13,Comment,2023-09-08 22:34:53
I280,U77,P1,Share,2023-09-14 12:22:12
I281,U57,P20,Share,2023-09-29 04:28:16
I282,U47,P47,Like,2023-09-18 06:00:24
I283,U54,P46,Share,2023-09-01 05:59:36
I284,U3,P8,Share,2023-09-12 23:44:25
I285,U53,P10,Comment,2023-09-16 09:04:28
I286,U84,P9,Share,2023-09-26 07:16:43
I287,U31,P49,Comment,2023-09-24 12:32:22
I288,U69,P41,Share,2023-09-21 18:41:32
I289,U88,P3,Share,2023-09-22 04:24:36
I290,U33,P11,Share,2023-09-27 15:00:57
I291,U72,P12,Like,2023-09-07 15:22:02
I292,U88,P10,Comment,2023-09-26 01:02:49
I293,U50,P25,Like,2023-09-08 10:17:37
I294,U84,P49,Share,2023-09-21 14:30:48
I295,U16,P49,Like,2023-09-23 08:46:00
I296,U76,P25,Comment,2023-09-11 00:36:04
I297,U77,P11,Share,2023-09-14 01:54:30
I298,U39,P36,Like,2023-09-21 18:00:41
I299,U89,P39,Like,2023-09-07 23:05:13
I300,U46,P26,Comment,2023-09-26 05:33:39
I301,U96,P14,Like,2023-09-27 05:22:32
I302,U88,P39,Comment,2023-09-10 00:39:17
I303,U47,P40,Share,2023-09-23 03:39:40
I304,U44,P1,Share,2023-09-18 10:43:14
I305,U9,P4,Like,2023-09-03 22:37:45
I306,U87,P30,Share,2023-09-07 00:18:13
I307,U50,P12,Share,2023-09-27 04:12:36
I308,U77,P35,Like,2023-09-11 13:01:53
I309,U60,P13,Share,2023-09-24 19:23:37
I310,U96,P31,Like,2023-09-08 13:36:57
I311,U15,P38,Comment,2023-09-12 12:47:13
I312,U36,P43,Comment,2023-09-24 13:21:26
I313,U63,P23,Comment,2023-09-28 07:59:07
I314,U69,P4,Like,2023-09-23 09:15:16
I315,U86,P16,Like,2023-09-08 21:33:07
I316,U80,P7,Share,2023-09-14 06:19:18
I317,U41,P22,Share,2023-09-06 13:16:07
I318,U74,P29,Share,2023-09-01 02:39:43
I319,U24,P11,Share,2023-09-07 15:37:55
I320,U82,P33,Share,2023-09-18 08:04:10
I321,U49,P29,Like,2023-09-11 23:00:03
I322,U18,P39,Like,2023-09-25 06:06:38
I323,U7,P12,Comment,2023-09-16 05:14:21
I324,U4,P7,Comment,2023-09-08 20:31:50
I325,U90,P39,Comment,2023-09-06 10:04:58
I326,U69,P42,Comment,2023-09-02 13:49:09
I327,U60,P48,Like,2023-09-07 14:25:03
I328,U55,P26,Like,2023-09-12 10:37:31
I329,U16,P40,Like,2023-09-12 07:18:04
I330,U99,P9,Share,2023-09-09 18:09:16
I331,U90,P41,Share,2023-09-13 04:49:13
I332,U82,P34,Comment,2023-09-10 08:00:34
I333,U29,P45,Share,2023-09-25 20:37:43
I334,U23,P13,Like,2023-09-05 21:11:03
I335,U14,P36,Comment,2023-09-07 11:18:39
I336,U79,P25,Comment,2023-09-21 21:10:40
I337,U49,P24,Share,2023-09-23 08:31:46
I338,U33,P44,Comment,2023-09-23 17:32:37
I339,U25,P17,Share,2023-09-28 02:34:54
I340,U21,P2,Share,2023-09-26 08:57:51
I341,U17,P13,Comment,2023-09-10 12:41:05
I342,U23,P31,Share,2023-09-13 01:28:57
I343,U57,P29,Share,2023-09-25 20:38:27
I344,U81,P50,Share,2023-09-14 21:53:08
I345,U58,P28,Share,2023-09-10 20:30:26
I346,U14,P27,Comment,2023-09-19 22:39:08
I347,U93,P15,Like,2023-09-19 09:45:46
I348,U20,P31,Like,2023-09-13 18:20:01
I349,U30,P40,Share,2023-09-27 11:17:53
I350,U19,P15,Share,2023-09-03 18:50:17
I351,U53,P33,Share,2023-09-08 00:09:58
I352,U56,P20,Like,2023-09-02 07:33:26
I353,U77,P42,Share,2023-09-19 08:58:34
I354,U82,P12,Comment,2023-09-13 11:18:26
I355,U23,P37,Comment,2023-09-09 13:51:07
I356,U62,P9,Comment,2023-09-04 00:15:02
I357,U33,P23,Like,2023-09-16 07:22:01
I358,U18,P8,Share,2023-09-19 19:10:24
I359,U73,P32,Share,2023-09-02 17:00:31
I360,U33,P48,Share,2023-09-16 13:04:14
I361,U32,P14,Like,2023-09-28 00:14:57
I362,U61,P27,Like,2023-09-20 23:32:14
I363,U54,P25,Like,2023-09-22 09:06:39
I364,U17,P13,Like,2023-09-28 12:22:27
I365,U19,P21,Comment,2023-09-19 23:00:04
I366,U91,P45,Like,2023-09-21 00:19:47
I367,U70,P31,Like,2023-09-04 02:14:51
I368,U99,P37,Like,2023-09-19 18:56:12
I369,U34,P48,Share,2023-09-16 09:32:43
I370,U84,P43,Share,2023-09-02 04:45:35
I371,U25,P5,Share,2023-09-13 03:04:21
I372,U68,P13,Comment,2023-09-16 13:45:28
I373,U74,P28,Comment,2023-09-19 01:36:54
I374,U74,P43,Like,2023-09-09 08:44:08
I375,U88,P25,Share,2023-09-07 18:00:47
I376,U85,P35,Comment,2023-09-05 13:44:25
I377,U11,P47,Share,2023-09-29 02:17:54
I378,U91,P39,Comment,2023-09-22 18:06:13
I379,U16,P7,Comment,2023-09-11 20:28:07
I380,U90,P38,Like,2023-09-13 03:35:08
I381,U61,P32,Like,2023-09-09 16:52:52
I382,U94,P3,Comment,2023-09-04 00:03:47
I383,U80,P45,Like,2023-09-26 21:59:15
I384,U7,P39,Comment,2023-09-10 01:21:56
I385,U16,P37,Comment,2023-09-28 06:54:41
I386,U99,P50,Share,2023-09-28 04:59:20
I387,U16,P22,Like,2023-09-09 06:24:21
I388,U40,P8,Like,2023-09-19 05:11:48
I389,U12,P17,Like,2023-09-27 07:55:15
I390,U35,P27,Share,2023-09-03 16:23:27
I391,U21,P33,Share,2023-09-01 06:46:03
I392,U50,P46,Share,2023-09-05 13:39:58
I393,U43,P17,Like,2023-09-24 16:19:50
I394,U100,P42,Like,2023-09-12 09:25:48
I395,U17,P12,Like,2023-09-17 00:44:09
I396,U32,P48,Share,2023-09-25 06:59:32
I397,U41,P46,Share,2023-09-16 21:22:24
I398,U6,P27,Comment,2023-09-18 08:14:07
I399,U88,P48,Share,2023-09-09 00:28:14
I400,U27,P8,Comment,2023-09-18 21:14:48
I401,U20,P23,Like,2023-09-21 13:12:45
I402,U25,P42,Share,2023-09-27 08:37:56
I403,U66,P49,Like,2023-09-19 11:05:23
I404,U9,P29,Like,2023-09-01 05:44:15
I405,U92,P50,Like,2023-09-24 03:18:05
I406,U53,P20,Like,2023-09-11 23:38:53
I407,U61,P16,Share,2023-09-24 00:41:30
I408,U38,P17,Like,2023-09-06 05:06:40
I409,U3,P16,Comment,2023-09-13 09:16:18
I410,U84,P19,Share,2023-09-08 17:07:50
I411,U70,P8,Like,2023-09-23 09:44:14
I412,U97,P38,Share,2023-09-17 02:32:18
I413,U55,P38,Comment,2023-09-22 04:04:34
I414,U1,P29,Like,2023-09-02 23:33:56
I415,U70,P41,Comment,2023-09-02 00:55:43
I416,U45,P36,Like,2023-09-06 04:24:35
I417,U98,P26,Comment,2023-09-23 15:06:46
I418,U47,P31,Like,2023-09-14 04:13:42
I419,U79,P44,Share,2023-09-09 18:46:35
I420,U26,P12,Like,2023-09-10 10:14:28
I421,U14,P17,Share,2023-09-21 10:11:28
I422,U54,P15,Like,2023-09-03 18:34:07
I423,U71,P9,Like,2023-09-16 23:10:01
I424,U46,P39,Comment,2023-09-04 08:32:42
I425,U31,P42,Comment,2023-09-04 16:50:49
I426,U88,P48,Comment,2023-09-07 07:13:12
I427,U59,P12,Like,2023-09-05 11:21:20
I428,U95,P32,Like,2023-09-23 01:03:31
I429,U29,P25,Like,2023-09-21 20:03:20
I430,U96,P39,Share,2023-09-05 21:57:12
I431,U17,P18,Share,2023-09-19 04:52:12
I432,U14,P15,Like,2023-09-23 11:03:13
I433,U36,P32,Comment,2023-09-18 11:23:57
I434,U58,P6,Comment,2023-09-16 17:29:50
I435,U24,P44,Comment,2023-09-15 11:41:57
I436,U63,P43,Like,2023-09-18 06:20:25
I437,U91,P35,Comment,2023-09-16 23:23:08
I438,U25,P34,Like,2023-09-16 11:26:58
I439,U59,P38,Share,2023-09-20 07:49:05
I440,U32,P5,Comment,2023-09-17 22:12:13
I441,U82,P18,Share,2023-09-07 14:23:37
I442,U18,P16,Comment,2023-09-02 10:13:19
I443,U37,P8,Like,2023-09-15 19:35:01
I444,U26,P25,Like,2023-09-16 11:19:08
I445,U9,P32,Like,2023-09-25 14:44:57
I446,U99,P26,Like,2023-09-20 03:00:33
I447,U64,P22,Comment,2023-09-25 15:20:25
I448,U72,P31,Share,2023-09-05 21:49:50
I449,U20,P43,Like,2023-09-17 22:54:49
I450,U54,P10,Comment,2023-09-11 06:55:43
I451,U86,P12,Share,2023-09-17 05:57:44
I452,U83,P28,Like,2023-09-25 13:04:37
I453,U30,P6,Share,2023-09-26 23:07:47
I454,U53,P20,Like,2023-09-09 18:26:40
I455,U92,P5,Share,2023-09-24 08:05:07
I456,U99,P23,Share,2023-09-25 08:33:37
I457,U63,P9,Like,2023-09-10 08:46:35
I458,U11,P29,Comment,2023-09-15 12:41:40
I459,U31,P16,Share,2023-09-01 04:22:13
I460,U49,P46,Like,2023-09-11 09:37:08
I461,U100,P22,Share,2023-09-28 17:45:16
I462,U94,P8,Share,2023-09-25 03:52:40
I463,U87,P20,Comment,2023-09-12 21:04:41
I464,U19,P14,Share,2023-09-13 09:07:14
I465,U12,P39,Share,2023-09-28 02:57:33
I466,U15,P37,Like,2023-09-16 13:47:29
I467,U31,P50,Like,2023-09-12 14:14:35
I468,U43,P34,Comment,2023-09-24 19:27:24
I469,U37,P11,Share,2023-09-27 03:39:46
I470,U79,P40,Share,2023-09-20 04:25:28
I471,U29,P33,Share,2023-09-26 04:05:49
I472,U26,P31,Comment,2023-09-22 07:24:09
I473,U2,P44,Share,2023-09-01 21:43:29
I474,U84,P34,Like,2023-09-08 05:22:32
I475,U15,P50,Comment,2023-09-26 23:49:32
I476,U4,P7,Like,2023-09-02 22:16:02
I477,U86,P49,Like,2023-09-27 16:05:10
I478,U50,P23,Comment,2023-09-12 07:11:04
I479,U38,P46,Like,2023-09-04 07:34:13
I480,U23,P7,Share,2023-09-13 23:20:31
I481,U59,P25,Comment,2023-09-19 12:53:02
I482,U90,P3,Like,2023-09-03 14:36:49
I483,U75,P38,Share,2023-09-28 01:11:59
I484,U28,P20,Share,2023-09-12 11:17:32
I485,U66,P34,Like,2023-09-09 13:15:25
I486,U8,P49,Share,2023-09-29 12:57:29
I487,U29,P44,Comment,2023-09-29 14:52:27
I488,U11,P44,Like,2023-09-22 05:56:15
I489,U18,P30,Share,2023-09-17 17:34:47
I490,U55,P17,Share,2023-09-07 17:45:14
I491,U50,P10,Like,2023-09-23 14:32:30
I492,U14,P35,Like,2023-09-02 16:28:13
I493,U74,P20,Like,2023-09-20 02:15:34
I494,U99,P18,Like,2023-09-11 12:59:49
I495,U9,P45,Comment,2023-09-11 06:00:21
I496,U99,P44,Like,2023-09-04 11:00:18
I497,U11,P27,Comment,2023-09-07 11:59:08
I498,U63,P49,Comment,2023-09-12 02:40:02
I499,U76,P36,Like,2023-09-09 03:47:04
I500,U67,P23,Comment,2023-09-27 12:59:03
